1655708354,thanhphan,thanhphan123,Phan Thanh,0142352648,phanthanh@gmail.com,Hue,2022-06-20T07:00:14.291Z,2022-06-20T07:00:14.291Z
1655708416,thienthien,thienthien123,Dai Thien,0789234682,thien@gmail.com,SaiGon,2022-06-20T07:01:17.985Z,2022-06-22T09:18:52.190Z
1655708479,trungbungto,trung12345,Viet Trung,0872642873,trung@gmail.com,Huế,2022-06-20T07:02:22.926Z,2022-07-11T14:05:23.730265Z
1655708545,luongdemo,luong123,Nguyen Luong,0923482343,luong@gmail.com,HaNoi,2022-06-20T07:03:27.202Z,2022-06-22T09:09:59.889Z
1655708610,tiendebug,tien123,Phan Tien,0995473583,tien@gmail.com,Hà Nội,2022-06-20T07:04:15.610Z,2022-06-22T16:14:17.981Z
1657548249,binbin,binnguyen,Bin Nguyen,0937283947,bin@gmail.com,Hue,2022-07-11T14:04:41.383017Z,2022-07-11T14:04:41.383066Z
1657549459,kynguyen,kynguyen123,Nguyen Ky,0926384637,ky@gmail.com,Hue,2022-07-11T14:26:48.761555Z,2022-07-11T14:26:48.761567Z
